{"cameraMode":{"drawMode":0,"name":"Shaded","section":"Shading Mode"},"sceneLighting":true,"audioPlay":false,"sceneViewState":{"m_AlwaysRefresh":false,"showFog":true,"showSkybox":true,"showFlares":true,"showImageEffects":true,"showParticleSystems":true,"showVisualEffectGraphs":true,"m_FxEnabled":true},"in2DMode":false,"pivot":{"x":0.12371772527694702,"y":-36.46582794189453,"z":-16.329557418823243},"rotation":{"x":-0.00307747395709157,"y":0.8430284261703491,"z":-0.537857711315155,"w":-0.0048025199212133888},"size":24.444644927978517,"orthographic":false}