{"cameraMode":{"drawMode":0,"name":"Shaded","section":"Shading Mode"},"sceneLighting":true,"audioPlay":false,"sceneViewState":{"m_AlwaysRefresh":false,"showFog":true,"showSkybox":true,"showFlares":true,"showImageEffects":true,"showParticleSystems":true,"showVisualEffectGraphs":true,"m_FxEnabled":true},"in2DMode":false,"pivot":{"x":-0.6175061464309692,"y":-36.303955078125,"z":-18.18992042541504},"rotation":{"x":0.0017127025639638305,"y":0.8525809049606323,"z":-0.5226024389266968,"w":0.0028162850067019464},"size":25.544654846191408,"orthographic":false}