{"cameraMode":{"drawMode":0,"name":"Shaded","section":"Shading Mode"},"sceneLighting":true,"audioPlay":false,"sceneViewState":{"m_AlwaysRefresh":false,"showFog":true,"showSkybox":true,"showFlares":true,"showImageEffects":true,"showParticleSystems":true,"showVisualEffectGraphs":true,"m_FxEnabled":true},"in2DMode":false,"pivot":{"x":-6.787961483001709,"y":-2.9754605293273927,"z":-29.649051666259767},"rotation":{"x":0.007623971905559301,"y":-0.9917393326759338,"z":0.06762725114822388,"w":0.10963350534439087},"size":20.79431915283203,"orthographic":false}