{"cameraMode":{"drawMode":0,"name":"Shaded","section":"Shading Mode"},"sceneLighting":false,"audioPlay":false,"sceneViewState":{"m_AlwaysRefresh":false,"showFog":true,"showSkybox":false,"showFlares":true,"showImageEffects":true,"showParticleSystems":true,"showVisualEffectGraphs":true,"m_FxEnabled":true},"in2DMode":false,"pivot":{"x":-2.7051143646240236,"y":0.32039475440979006,"z":-2.6572866439819338},"rotation":{"x":-0.6248144507408142,"y":0.17509274184703828,"z":-0.14617925882339478,"w":-0.7468647956848145},"size":0.48692843317985537,"orthographic":false}