{"cameraMode":{"drawMode":0,"name":"Shaded","section":"Shading Mode"},"sceneLighting":false,"audioPlay":false,"sceneViewState":{"m_AlwaysRefresh":false,"showFog":true,"showSkybox":false,"showFlares":true,"showImageEffects":true,"showParticleSystems":true,"showVisualEffectGraphs":true,"m_FxEnabled":true},"in2DMode":false,"pivot":{"x":-0.5551143884658814,"y":0.4154989421367645,"z":-3.7982866764068605},"rotation":{"x":-0.6248144507408142,"y":0.17509274184703828,"z":-0.14617925882339478,"w":-0.7468647956848145},"size":0.5546003580093384,"orthographic":false}